<?xml version="1.0" encoding="UTF-8"?>

<mule xmlns:dw="http://www.mulesoft.org/schema/mule/ee/dw" xmlns:metadata="http://www.mulesoft.org/schema/mule/metadata" xmlns:json="http://www.mulesoft.org/schema/mule/json" xmlns:http="http://www.mulesoft.org/schema/mule/http" xmlns:servicenow="http://www.mulesoft.org/schema/mule/servicenow" xmlns="http://www.mulesoft.org/schema/mule/core" xmlns:doc="http://www.mulesoft.org/schema/mule/documentation"
	xmlns:spring="http://www.springframework.org/schema/beans" 
	xmlns:xsi="http://www.w3.org/2001/XMLSchema-instance"
	xsi:schemaLocation="http://www.springframework.org/schema/beans http://www.springframework.org/schema/beans/spring-beans-current.xsd
http://www.mulesoft.org/schema/mule/core http://www.mulesoft.org/schema/mule/core/current/mule.xsd
http://www.mulesoft.org/schema/mule/http http://www.mulesoft.org/schema/mule/http/current/mule-http.xsd
http://www.mulesoft.org/schema/mule/servicenow http://www.mulesoft.org/schema/mule/servicenow/current/mule-servicenow.xsd
http://www.mulesoft.org/schema/mule/ee/dw http://www.mulesoft.org/schema/mule/ee/dw/current/dw.xsd
http://www.mulesoft.org/schema/mule/json http://www.mulesoft.org/schema/mule/json/current/mule-json.xsd">
    <http:listener-config name="HTTP_Listener_Configuration" host="0.0.0.0" port="8081" doc:name="HTTP Listener Configuration"/>
    <servicenow:config name="ServiceNow__Basic_Configuration" username="admin" password="Eaiesb@123" serviceAddress="https://dev75723.service-now.com/" doc:name="ServiceNow: Basic Configuration"/>
    <flow name="servicenowentryFlow">
        <http:listener config-ref="HTTP_Listener_Configuration" path="/servicenow" doc:name="HTTP"/>
        <dw:transform-message doc:name="Transform Message" metadata:id="5f2edfe4-c35c-409d-8b55-bbeb214fa44f">
            <dw:input-payload mimeType="application/json"/>
            <dw:set-payload><![CDATA[%dw 1.0
%output application/xml
%namespace ns0 http://www.service-now.com/incident
---
{
	ns0#insert: {
		category: inboundProperties['http.query.params'].Quantity,
		company: inboundProperties['http.query.params'].TyreType,
		description: inboundProperties['http.query.params'].CustomerId,
		problem_id: inboundProperties['http.query.params'].ShipToId
	}
}]]></dw:set-payload>
        </dw:transform-message>
        <servicenow:invoke config-ref="ServiceNow__Basic_Configuration" type="incident||insert" doc:name="ServiceNow"/>
        <logger message="#[payload]" level="INFO" doc:name="Logger"/>
        <dw:transform-message doc:name="Transform Message">
            <dw:set-payload><![CDATA[%dw 1.0
%output application/json
---
payload]]></dw:set-payload>
        </dw:transform-message>
        <dw:transform-message doc:name="Transform Message">
            <dw:set-payload><![CDATA[%dw 1.0
%output application/json
---
{
	"message": payload.insertResponse.number
}]]></dw:set-payload>
        </dw:transform-message>

    </flow>
</mule>
